{
  "project_info": {
    "project_number": "492943116423",
    "project_id": "fika2-97bfb",
    "storage_bucket": "fika2-97bfb.appspot.com"
  },
  "client": [
    {
      "client_info": {
        "mobilesdk_app_id": "1:492943116423:android:f7df35cd71bfc9a9195022",
        "android_client_info": {
          "package_name": "com.android.application"
        }
      },
      "oauth_client": [
        {
          "client_id": "492943116423-b32hr2d2isf0e1ikltd2sjlln3hts6l0.apps.googleusercontent.com",
          "client_type": 3
        }
      ],
      "api_key": [
        {
          "current_key": "AIzaSyAVm0Xr6OGn5e-1_72R7CtaVRBTwPK7fHI"
        }
      ],
      "services": {
        "appinvite_service": {
          "other_platform_oauth_client": [
            {
              "client_id": "492943116423-b32hr2d2isf0e1ikltd2sjlln3hts6l0.apps.googleusercontent.com",
              "client_type": 3
            }
          ]
        }
      }
    },
    {
      "client_info": {
        "mobilesdk_app_id": "1:492943116423:android:cefb44d29b6a30b7195022",
        "android_client_info": {
          "package_name": "ie.ul.fika"
        }
      },
      "oauth_client": [
        {
          "client_id": "492943116423-b32hr2d2isf0e1ikltd2sjlln3hts6l0.apps.googleusercontent.com",
          "client_type": 3
        }
      ],
      "api_key": [
        {
          "current_key": "AIzaSyAVm0Xr6OGn5e-1_72R7CtaVRBTwPK7fHI"
        }
      ],
      "services": {
        "appinvite_service": {
          "other_platform_oauth_client": [
            {
              "client_id": "492943116423-b32hr2d2isf0e1ikltd2sjlln3hts6l0.apps.googleusercontent.com",
              "client_type": 3
            }
          ]
        }
      }
    }
  ],
  "configuration_version": "1"
}